{
    "1": {
        "Precision": 1.0,
        "Recall": 1.0
    },
    "10": {
        "Precision": 0.0,
        "Recall": 0.0
    },
    "11": {
        "Precision": 0.21756266750748857,
        "Recall": 0.069
    },
    "12": {
        "Precision": 0.018973260554135285,
        "Recall": 0.5492
    },
    "13": {
        "Precision": 0.04605548912910861,
        "Recall": 0.47185
    },
    "14": {
        "Precision": 0.7026258951915426,
        "Recall": 0.06867777777777778
    },
    "15": {
        "Precision": 0.37005832793259885,
        "Recall": 0.0015026315789473685
    },
    "16": {
        "Precision": 0.2673735309146653,
        "Recall": 0.31395
    },
    "17": {
        "Precision": 0.7751749315485245,
        "Recall": 0.05096
    },
    "18": {
        "Precision": 0.12498721489209369,
        "Recall": 0.1222
    },
    "19": {
        "Precision": 0.4681521893155732,
        "Recall": 0.4405
    },
    "2": {
        "Precision": 0.8576145451426856,
        "Recall": 1.0
    },
    "20": {
        "Precision": 0.09192483494159472,
        "Recall": 0.8145
    },
    "21": {
        "Precision": 0.4142393556711108,
        "Recall": 0.52975
    },
    "22": {
        "Precision": 0.20727556374982273,
        "Recall": 0.14615
    },
    "23": {
        "Precision": 0.4796914211357933,
        "Recall": 0.77415
    },
    "24": {
        "Precision": 0.902103027216377,
        "Recall": 0.9682933333333333
    },
    "25": {
        "Precision": 0.7119071850193365,
        "Recall": 0.5829333333333333
    },
    "26": {
        "Precision": 0.45728918968355586,
        "Recall": 1.0
    },
    "3": {
        "Precision": 0.6951725248621009,
        "Recall": 0.8633
    },
    "4": {
        "Precision": 0.9883394361690782,
        "Recall": 0.9267
    },
    "5": {
        "Precision": 0.13801406035275812,
        "Recall": 0.6076
    },
    "6": {
        "Precision": 0.06058450133017377,
        "Recall": 0.7295
    },
    "7": {
        "Precision": 0.40545890682130464,
        "Recall": 0.07569565217391304
    },
    "8": {
        "Precision": 0.5652708044012392,
        "Recall": 0.1628153846153846
    },
    "9": {
        "Precision": 0.27377295134671714,
        "Recall": 0.12773333333333334
    }
}